factor_id,source,version,country,procurement_category,factor_value,factor_unit,effective_date,expiration_date,status
EF001,CEDA_SIM,2025.1,US,Semiconductor materials,0.42,kgCO2e/USD,2024-11-03,2025-11-01,APPROVED
EF002,CEDA_SIM,2025.1,DE,Chemicals,0.31,kgCO2e/USD,2024-11-03,2025-11-01,APPROVED
EF003,CEDA_SIM,2025.1,JP,Manufacturing equipment,0.18,kgCO2e/USD,2024-11-03,2025-11-01,APPROVED
EF004,CEDA_SIM,2025.1,US,Facility equipment,0.21,kgCO2e/USD,2024-11-03,2025-11-01,APPROVED
EF005,CEDA_SIM,2025.1,GB,Consulting services,0.07,kgCO2e/USD,2024-11-03,2025-11-01,APPROVED
EF006,CEDA_SIM,2025.1,TW,IT capital equipment,0.16,kgCO2e/USD,2024-11-03,2025-11-01,APPROVED
EF007,SUPPLIER_PCF_SIM,2025A,KR,Chemicals,0.19,kgCO2e/USD,2024-11-03,2025-11-01,APPROVED
EF008,SUPPLIER_PCF_SIM,2025A,SG,Semiconductor materials,0.28,kgCO2e/USD,2024-11-03,2025-11-01,APPROVED
EF009,CEDA_SIM,2025.1,IE,Consulting services,0.06,kgCO2e/USD,2024-11-03,2025-11-01,APPROVED
EF010,CEDA_SIM,2025.1,MY,Manufacturing equipment,0.17,kgCO2e/USD,2024-11-03,2025-11-01,APPROVED
EF011,CEDA_SIM,2025.1,MX,Packaging,0.12,kgCO2e/USD,2024-11-03,2025-11-01,APPROVED
EF012,CEDA_SIM,2025.1,US,IT capital equipment,0.15,kgCO2e/USD,2024-11-03,2025-11-01,APPROVED
EF013,CEDA_SIM,2023.4,US,Semiconductor materials,0.36,kgCO2e/USD,2023-01-01,2023-12-31,RETIRED
