evidence_id,evidence_type,source_name,reporting_period,verification_status,document_status
EVID001,Procurement record,Evidence Source 001,FY2025,Unverified,Available
EVID002,Procurement record,Evidence Source 002,FY2025,Unverified,Available
EVID003,Supplier disclosure,Evidence Source 003,FY2025,Unverified,Available
EVID004,Procurement record,Evidence Source 004,FY2025,Verified,Available
EVID005,Procurement record,Evidence Source 005,FY2025,Unverified,Available
EVID006,Supplier disclosure,Evidence Source 006,FY2025,Unverified,Available
EVID007,Procurement record,Evidence Source 007,FY2025,Unverified,Available
EVID008,Procurement record,Evidence Source 008,FY2025,Verified,Available
EVID009,Supplier disclosure,Evidence Source 009,FY2025,Unverified,Available
EVID010,Procurement record,Evidence Source 010,FY2025,Unverified,Available
EVID011,Procurement record,Evidence Source 011,FY2025,Unverified,Available
EVID012,Supplier disclosure,Evidence Source 012,FY2025,Verified,Available
EVID013,Procurement record,Evidence Source 013,FY2025,Unverified,Available
EVID014,Procurement record,Evidence Source 014,FY2025,Unverified,Available
EVID015,Supplier disclosure,Evidence Source 015,FY2025,Unverified,Available
EVID016,Procurement record,Evidence Source 016,FY2025,Verified,Available
EVID017,Procurement record,Evidence Source 017,FY2025,Unverified,Available
EVID019,Procurement record,Evidence Source 019,FY2025,Unverified,Available
EVID020,Procurement record,Evidence Source 020,FY2025,Verified,Available
EVID021,Supplier disclosure,Evidence Source 021,FY2025,Unverified,Available
EVID022,Procurement record,Evidence Source 022,FY2025,Unverified,Available
EVID023,Procurement record,Evidence Source 023,FY2025,Unverified,Available
EVID024,Supplier disclosure,Evidence Source 024,FY2025,Verified,Available
EVID025,Procurement record,Evidence Source 025,FY2025,Unverified,Available
EVID026,Procurement record,Evidence Source 026,FY2025,Unverified,Available
EVID027,Supplier disclosure,Evidence Source 027,FY2025,Unverified,Available
EVID028,Procurement record,Evidence Source 028,FY2025,Verified,Available
EVID029,Procurement record,Evidence Source 029,FY2025,Unverified,Available
EVID030,Supplier disclosure,Evidence Source 030,FY2025,Unverified,Available
EVID031,Procurement record,Evidence Source 031,FY2025,Unverified,Available
EVID032,Procurement record,Evidence Source 032,FY2025,Verified,Available
EVID033,Supplier disclosure,Evidence Source 033,FY2025,Unverified,Available
EVID034,Procurement record,Evidence Source 034,FY2025,Unverified,Available
EVID035,Procurement record,Evidence Source 035,FY2025,Unverified,Available
EVID036,Supplier disclosure,Evidence Source 036,FY2025,Verified,Available
EVID037,Procurement record,Evidence Source 037,FY2025,Unverified,Available
EVID038,Procurement record,Evidence Source 038,FY2025,Unverified,Available
EVID039,Supplier disclosure,Evidence Source 039,FY2025,Unverified,Available
EVID040,Procurement record,Evidence Source 040,FY2025,Verified,Available
EVID041,Procurement record,Evidence Source 041,FY2025,Unverified,Available
EVID042,Supplier disclosure,Evidence Source 042,FY2025,Unverified,Available
EVID043,Procurement record,Evidence Source 043,FY2025,Unverified,Available
EVID044,Procurement record,Evidence Source 044,FY2025,Verified,Available
EVID045,Supplier disclosure,Evidence Source 045,FY2025,Unverified,Available
EVID046,Procurement record,Evidence Source 046,FY2025,Unverified,Available
EVID047,Procurement record,Evidence Source 047,FY2025,Unverified,Available
EVID048,Supplier disclosure,Evidence Source 048,FY2025,Verified,Available
EVID049,Procurement record,Evidence Source 049,FY2025,Unverified,Available
EVID050,Procurement record,Evidence Source 050,FY2025,Unverified,Available
EVID051,Supplier disclosure,Evidence Source 051,FY2025,Unverified,Available
EVID052,Procurement record,Evidence Source 052,FY2025,Verified,Available
EVID053,Procurement record,Evidence Source 053,FY2025,Unverified,Available
EVID054,Supplier disclosure,Evidence Source 054,FY2025,Unverified,Available
EVID055,Procurement record,Evidence Source 055,FY2025,Unverified,Available
EVID056,Procurement record,Evidence Source 056,FY2025,Verified,Available
EVID057,Supplier disclosure,Evidence Source 057,FY2025,Unverified,Available
EVID058,Procurement record,Evidence Source 058,FY2025,Unverified,Available
EVID059,Procurement record,Evidence Source 059,FY2025,Unverified,Available
EVID060,Supplier disclosure,Evidence Source 060,FY2025,Verified,Available
EVID061,Procurement record,Evidence Source 061,FY2025,Unverified,Available
EVID062,Procurement record,Evidence Source 062,FY2025,Unverified,Available
EVID063,Supplier disclosure,Evidence Source 063,FY2025,Unverified,Available
EVID064,Procurement record,Evidence Source 064,FY2025,Verified,Available
EVID065,Procurement record,Evidence Source 065,FY2025,Unverified,Available
EVID066,Supplier disclosure,Evidence Source 066,FY2025,Unverified,Available
EVID067,Procurement record,Evidence Source 067,FY2025,Unverified,Available
EVID068,Procurement record,Evidence Source 068,FY2025,Verified,Available
EVID069,Supplier disclosure,Evidence Source 069,FY2025,Unverified,Available
EVID070,Procurement record,Evidence Source 070,FY2025,Unverified,Available
EVID071,Procurement record,Evidence Source 071,FY2025,Unverified,Available
EVID072,Supplier disclosure,Evidence Source 072,FY2025,Verified,Available
