transaction_id,supplier_id,supplier_name,supplier_country,invoice_date,fiscal_year,po_number,gl_account,procurement_category,scope3_category,spend_original,currency,fx_rate,spend_usd,quantity,unit,primary_data_available,supplier_emission_factor,secondary_emission_factor,factor_id,factor_source,factor_version,factor_unit,evidence_id,calculation_method,calculated_emissions_tco2e,manual_override,override_reason,reviewer_status,exception_flag,exception_reason
TXN0001,SUP011,Lambda Packaging,MX,12/30/2024,FY2025,PO10001,610300,Packaging,Cat. 1,493192.98,MXN,0.057,28112,,,N,,0.12,EF011,CEDA_SIM,2025.1,kgCO2e/USD,EVID001,spend-based,3.37344,N,,APPROVED,N,
TXN0002,SUP012,Mu Logistics Tech,US,3/23/2025,FY2025,PO10002,710300,IT capital equipment,Cat. 2,143393,USD,1,143393,,,N,,0.15,EF012,CEDA_SIM,2025.1,kgCO2e/USD,EVID002,spend-based,21.50895,N,,APPROVED,N,
TXN0003,SUP004,Delta Facilities Engineering,US,1/13/2025,FY2025,PO10003,710200,Facility equipment,Cat. 2,68736,USD,1,68736,,,N,,0.21,EF004,CEDA_SIM,2025.1,kgCO2e/USD,EVID003,spend-based,14.43456,N,,APPROVED,N,
TXN0004,SUP011,Lambda Packaging,MX,8/9/2025,FY2025,PO10004,610300,Packaging,Cat. 1,1062807.02,MXN,0.057,60580,,,N,,0.12,EF011,CEDA_SIM,2025.1,kgCO2e/USD,EVID004,spend-based,7.2696,N,,APPROVED,N,
TXN0005,SUP010,Kappa Test Equipment,MY,6/7/2025,FY2025,PO10005,710100,Manufacturing equipment,Cat. 2,137665.22,MYR,0.23,31663,,,N,,0.17,EF010,CEDA_SIM,2025.1,kgCO2e/USD,EVID005,spend-based,5.38271,N,,APPROVED,N,
TXN0006,SUP001,Alpha Silicon Materials,US,12/20/2024,FY2025,PO10006,610100,Semiconductor materials,Cat. 1,129629,USD,1,129629,,,Y,0.390854,0.42,EF001,CEDA_SIM,2025.1,kgCO2e/USD,EVID006,supplier-specific,50.66606,N,,APPROVED,N,
TXN0007,SUP009,Iota Industrial Services,IE,2/12/2025,FY2025,PO10007,620100,Consulting services,Cat. 1,278431.48,EUR,1.08,300706,,,N,,0.06,EF009,CEDA_SIM,2025.1,kgCO2e/USD,EVID007,spend-based,18.04236,N,,APPROVED,N,
TXN0008,SUP007,Eta Specialty Gases,KR,2/23/2025,FY2025,PO10008,610200,Chemicals,Cat. 1,338532432.4,KRW,0.00074,250514,,,Y,0.188638,0.19,EF007,SUPPLIER_PCF_SIM,2025A,kgCO2e/USD,EVID008,supplier-specific,47.256344,N,,APPROVED,N,
TXN0009,SUP001,Alpha Silicon Materials,US,1/23/2025,FY2025,PO10009,610100,Semiconductor materials,Cat. 1,236571,USD,1,236571,,,Y,0.33459,0.42,EF001,CEDA_SIM,2025.1,kgCO2e/USD,EVID009,supplier-specific,79.15439,N,,APPROVED,N,
TXN0010,SUP006,Zeta IT Hardware,TW,12/25/2024,FY2025,PO10010,710300,IT capital equipment,Cat. 2,2052419.35,TWD,0.031,63625,,,N,,0.16,EF006,CEDA_SIM,2025.1,kgCO2e/USD,EVID010,spend-based,10.18,N,,APPROVED,N,
TXN0011,,Eta Specialty Gases,KR,12/22/2024,FY2025,PO10011,610200,Chemicals,Cat. 1,274605405.4,KRW,0.00074,203208,,,N,,0.19,EF007,SUPPLIER_PCF_SIM,2025A,kgCO2e/USD,EVID011,spend-based,38.60952,N,,APPROVED,N,
TXN0012,SUP010,Kappa Test Equipment,MY,3/18/2025,FY2025,PO10012,710100,Manufacturing equipment,Cat. 2,164260.87,MYR,0.23,37780,,,N,,0.17,EF010,CEDA_SIM,2025.1,kgCO2e/USD,EVID012,spend-based,6.4226,N,,APPROVED,N,
TXN0013,SUP012,Mu Logistics Tech,US,6/26/2025,FY2025,PO10013,710300,IT capital equipment,Cat. 2,296137,USD,1,296137,,,N,,0.15,EF012,CEDA_SIM,2025.1,kgCO2e/USD,EVID013,spend-based,44.42055,N,,APPROVED,N,
TXN0014,SUP002,Beta Process Chemicals,DE,5/15/2025,FY2025,PO10014,610200,Chemicals,Cat. 1,52141.67,EUR,1.08,56313,,,Y,0.309635,0.31,EF002,CEDA_SIM,2025.1,kgCO2e/USD,EVID014,supplier-specific,17.436455,N,,APPROVED,N,
TXN0015,SUP010,Kappa Test Equipment,MY,5/7/2025,FY2025,PO10015,710100,Manufacturing equipment,Cat. 2,1381295.65,MYR,0.23,317698,,,N,,0.17,EF010,CEDA_SIM,2025.1,kgCO2e/USD,EVID015,spend-based,54.00866,N,,APPROVED,N,
TXN0016,SUP004,Delta Facilities Engineering,US,11/15/2025,FY2025,PO10016,710200,Facility equipment,Cat. 2,51466,USD,1,51466,,,N,,0.21,EF004,CEDA_SIM,2025.1,kgCO2e/USD,EVID016,spend-based,10.80786,N,,APPROVED,N,
TXN0017,SUP001,Alpha Silicon Materials,US,10/7/2025,FY2025,PO10017,610100,Semiconductor materials,Cat. 1,134484,USD,1,134484,,,N,,0.42,EF001,CEDA_SIM,2025.1,kgCO2e/USD,EVID017,spend-based,56.48328,N,,APPROVED,N,
TXN0018,SUP002,Beta Process Chemicals,DE,3/2/2025,FY2025,PO10018,610200,Chemicals,Cat. 1,62919.44,EUR,1.08,67953,,,Y,0.274667,0.31,EF002,CEDA_SIM,2025.1,kgCO2e/USD,EVID018,supplier-specific,18.664457,N,,APPROVED,N,
TXN0019,SUP006,Zeta IT Hardware,TW,1/25/2025,FY2025,PO10019,710300,IT capital equipment,Cat. 2,6744548.39,TWD,0.031,209081,,,N,,0.16,EF006,CEDA_SIM,2025.1,kgCO2e/USD,EVID019,spend-based,33.45296,N,,APPROVED,N,
TXN0020,SUP006,Zeta IT Hardware,TW,2/18/2025,FY2025,PO10020,710300,IT capital equipment,Cat. 2,4999129.03,TWD,0.031,154973,,,N,,0.16,EF006,CEDA_SIM,2025.1,kgCO2e/USD,EVID020,spend-based,24.79568,N,,APPROVED,N,
TXN0021,SUP012,Mu Logistics Tech,US,10/18/2025,FY2025,PO10021,710300,IT capital equipment,Cat. 1,52435,USD,1,52435,,,N,,0.15,EF012,CEDA_SIM,2025.1,kgCO2e/USD,EVID021,spend-based,7.86525,N,,APPROVED,N,
TXN0022,SUP010,Kappa Test Equipment,MY,9/24/2025,FY2025,PO10022,710100,Manufacturing equipment,Cat. 2,455326.09,MYR,0.23,104725,,,N,,0.17,EF010,CEDA_SIM,2025.1,kgCO2e/USD,EVID022,spend-based,17.80325,N,,APPROVED,N,
TXN0023,SUP009,Iota Industrial Services,IE,3/8/2025,FY2025,PO10023,620100,Consulting services,Cat. 1,93212.04,EUR,1.08,100669,,,N,,0.06,EF009,CEDA_SIM,2025.1,kgCO2e/USD,EVID023,spend-based,6.04014,N,,APPROVED,N,
TXN0024,SUP008,Theta Wafer Inputs,SG,5/16/2025,FY2025,PO10024,610100,Semiconductor materials,Cat. 1,208706.67,SGD,0.75,156530,,,N,,0.28,EF008,SUPPLIER_PCF_SIM,2025A,kgCO2e/USD,EVID024,spend-based,43.8284,N,,APPROVED,N,
TXN0025,SUP011,Lambda Packaging,MX,10/21/2025,FY2025,PO10025,610300,Packaging,Cat. 1,5386000,MXN,0.057,307002,,,N,,0.12,EF011,CEDA_SIM,2025.1,kgCO2e/USD,EVID025,spend-based,36.84024,N,,APPROVED,N,
TXN0026,SUP004,Delta Facilities Engineering,US,10/19/2025,FY2025,PO10026,710200,Facility equipment,Cat. 2,185017,USD,,185017,,,N,,0.21,EF004,CEDA_SIM,2025.1,kgCO2e/USD,EVID026,spend-based,38.85357,N,,APPROVED,N,
TXN0027,SUP001,Alpha Silicon Materials,US,2/28/2025,FY2025,PO10027,610100,Semiconductor materials,Cat. 1,31829,USD,1,31829,,,N,,0.42,EF001,CEDA_SIM,2025.1,kgCO2e/USD,EVID027,spend-based,13.36818,N,,APPROVED,N,
TXN0028,SUP007,Eta Specialty Gases,KR,3/20/2025,FY2025,PO10028,610200,Chemicals,Cat. 1,67163513.51,KRW,0.00074,49701,,,Y,0.196246,0.19,EF007,SUPPLIER_PCF_SIM,2025A,kgCO2e/USD,EVID028,supplier-specific,9.753615,N,,APPROVED,N,
TXN0029,SUP012,Mu Logistics Tech,US,4/13/2025,FY2025,PO10029,710300,IT capital equipment,Cat. 2,126477,USD,1,126477,,,N,,0.15,EF012,CEDA_SIM,2025.1,kgCO2e/USD,EVID029,spend-based,18.97155,N,,APPROVED,N,
TXN0030,SUP011,Lambda Packaging,MX,7/16/2025,FY2025,PO10030,610300,Packaging,Cat. 1,3902192.98,MXN,0.057,222425,,,N,,0.12,EF011,CEDA_SIM,2025.1,kgCO2e/USD,EVID030,spend-based,26.691,N,,APPROVED,N,
TXN0031,SUP011,Lambda Packaging,MX,6/25/2025,FY2025,PO10031,610300,Packaging,Cat. 1,1577280.7,MXN,0.057,112381.25,,,N,,0.12,EF011,CEDA_SIM,2025.1,kgCO2e/USD,EVID031,spend-based,10.7886,N,,APPROVED,N,
TXN0032,SUP005,Epsilon Consulting,GB,1/13/2025,FY2025,PO10032,620100,Consulting services,Cat. 1,113624.41,GBP,1.27,144303,,,N,,0.07,EF005,CEDA_SIM,2025.1,kgCO2e/USD,EVID032,spend-based,10.10121,N,,APPROVED,N,
TXN0033,SUP012,Mu Logistics Tech,US,8/17/2025,FY2025,PO10033,710300,IT capital equipment,Cat. 2,297579,USD,1,297579,,,N,,0.15,EF012,CEDA_SIM,2025.1,kgCO2e/USD,EVID033,spend-based,44.63685,N,,APPROVED,N,
TXN0034,SUP005,Epsilon Consulting,GB,8/29/2025,FY2025,PO10034,620100,Consulting services,Cat. 1,188678.74,GBP,1.27,239622,,,N,,0.07,EF005,CEDA_SIM,2025.1,kgCO2e/USD,EVID034,spend-based,16.77354,N,,APPROVED,N,
TXN0035,SUP010,Kappa Test Equipment,MY,5/26/2025,FY2025,PO10035,710100,Manufacturing equipment,Cat. 2,890391.3,MYR,0.23,204790,,,N,,0.17,EF010,CEDA_SIM,2025.1,kgCO2e/USD,EVID035,spend-based,34.8143,N,,APPROVED,N,
TXN0036,SUP004,Delta Facilities Engineering,US,1/12/2025,FY2025,PO10036,710200,Facility equipment,Cat. 2,282138,USD,1,282138,,,N,,0.36,EF013,CEDA_SIM,2023.4,kgCO2e/USD,EVID036,spend-based,59.24898,N,,APPROVED,N,
TXN0037,SUP008,Theta Wafer Inputs,SG,12/19/2024,FY2025,PO10037,610100,Semiconductor materials,Cat. 1,52936,SGD,0.75,39702,,,N,,0.28,EF008,SUPPLIER_PCF_SIM,2025A,kgCO2e/USD,EVID037,spend-based,11.11656,N,,APPROVED,N,
TXN0038,SUP003,Gamma Equipment Systems,JP,9/20/2025,FY2025,PO10038,710100,Manufacturing equipment,Cat. 2,14540588.24,JPY,0.0068,98876,,,N,,0.18,EF003,CEDA_SIM,2025.1,kgCO2e/USD,EVID038,spend-based,17.79768,N,,APPROVED,N,
TXN0039,SUP011,Lambda Packaging,MX,6/7/2025,FY2025,PO10039,610300,Packaging,Cat. 1,5748947.37,MXN,0.057,327690,,,N,,0.12,EF011,CEDA_SIM,2025.1,kgCO2e/USD,EVID039,spend-based,39.3228,N,,APPROVED,N,
TXN0040,SUP002,Beta Process Chemicals,DE,5/19/2025,FY2025,PO10040,610200,Chemicals,Cat. 1,199146.3,EUR,1.08,215078,,,Y,0.276029,0.31,EF002,CEDA_SIM,2025.1,kgCO2e/USD,EVID040,supplier-specific,59.367688,N,,APPROVED,N,
TXN0041,SUP005,Epsilon Consulting,GB,8/13/2025,FY2025,PO10041,620100,Consulting services,Cat. 1,16550.39,GBP,1.27,21019,,,Y,0.2,0.07,EF005,CEDA_SIM,2025.1,kgCO2e/USD,,supplier-specific,1.47133,N,,APPROVED,N,
TXN0042,SUP011,Lambda Packaging,MX,12/31/2024,FY2025,PO10042,610300,Packaging,Cat. 1,5202228.07,MXN,0.057,296527,,,N,,0.12,EF011,CEDA_SIM,2025.1,kgCO2e/USD,EVID042,spend-based,35.58324,N,,APPROVED,N,
TXN0043,SUP005,Epsilon Consulting,GB,9/27/2025,FY2025,PO10043,620100,Consulting services,Cat. 1,152243.31,GBP,1.27,193349,,,N,,0.07,EF005,CEDA_SIM,2025.1,kgCO2e/USD,EVID043,spend-based,13.53443,N,,APPROVED,N,
TXN0044,SUP002,Beta Process Chemicals,DE,4/2/2025,FY2025,PO10044,610200,Chemicals,Cat. 1,224946.3,EUR,1.08,242942,,,Y,0.232802,0.31,EF002,CEDA_SIM,2025.1,kgCO2e/USD,EVID044,supplier-specific,56.557338,N,,APPROVED,N,
TXN0045,SUP012,Mu Logistics Tech,US,3/17/2025,FY2025,PO10045,710300,IT capital equipment,Cat. 2,277451,USD,1,277451,,,N,,0.15,EF012,CEDA_SIM,2025.1,kgCO2e/USD,EVID045,spend-based,41.61765,N,,APPROVED,N,
TXN0046,SUP003,Gamma Equipment Systems,JP,7/20/2025,FY2025,PO10046,710100,Manufacturing equipment,Cat. 2,10410147.06,JPY,0.0068,70789,,,N,,0.18,EF003,CEDA_SIM,2025.1,kgCO2e/USD,EVID046,spend-based,17.838828,Y,Management adjustment,PENDING,N,
TXN0047,SUP011,Lambda Packaging,MX,4/4/2025,FY2025,PO10047,610300,Packaging,Cat. 1,6140228.07,MXN,0.057,349993,,,N,,0.12,EF011,CEDA_SIM,2025.1,kgCO2e/USD,EVID047,spend-based,41.99916,N,,APPROVED,N,
TXN0048,SUP009,Iota Industrial Services,IE,9/10/2025,FY2025,PO10048,620100,Consulting services,Cat. 1,110450,EUR,1.08,119286,,,N,,0.06,EF009,CEDA_SIM,2025.1,kgCO2e/USD,EVID048,spend-based,7.15716,N,,APPROVED,N,
TXN0049,SUP003,Gamma Equipment Systems,JP,5/13/2025,FY2025,PO10049,710100,Manufacturing equipment,Cat. 2,14661470.59,JPY,0.0068,99698,,,N,,0.18,EF003,CEDA_SIM,2025.1,kgCO2e/USD,EVID049,spend-based,17.94564,N,,APPROVED,N,
TXN0050,SUP009,Iota Industrial Services,IE,8/1/2025,FY2025,PO10050,620100,Consulting services,Cat. 1,14165.74,EUR,1.08,15299,,,N,,0.06,EF009,CEDA_SIM,2025.1,kgCO2e/USD,EVID050,spend-based,0.91794,N,,APPROVED,N,
TXN0051,SUP010,Kappa Test Equipment,MY,4/17/2025,FY2025,PO10051,710100,Manufacturing equipment,Cat. 2,1179000,MYR,0.23,271170,,,N,,0.17,EF010,CEDA_SIM,2025.1,kgCO2e/EUR,EVID051,spend-based,46.0989,N,,APPROVED,N,
TXN0052,SUP001,Alpha Silicon Materials,US,12/30/2024,FY2025,PO10052,610100,Semiconductor materials,Cat. 1,205306,USD,1,205306,,,N,,0.42,EF001,CEDA_SIM,2025.1,kgCO2e/USD,EVID052,spend-based,86.22852,N,,APPROVED,N,
TXN0053,SUP005,Epsilon Consulting,GB,3/5/2025,FY2025,PO10053,620100,Consulting services,Cat. 1,35723.62,GBP,1.27,45369,,,N,,0.07,EF005,CEDA_SIM,2025.1,kgCO2e/USD,EVID053,spend-based,3.17583,N,,APPROVED,N,
TXN0054,SUP004,Delta Facilities Engineering,US,8/20/2025,FY2025,PO10054,710200,Facility equipment,Cat. 2,56291,USD,1,56291,,,N,,0.21,EF004,CEDA_SIM,2025.1,kgCO2e/USD,EVID054,spend-based,11.82111,N,,APPROVED,N,
TXN0055,SUP002,Beta Process Chemicals,DE,7/9/2025,FY2025,PO10055,610200,Chemicals,Cat. 1,47487.96,EUR,1.08,51287,,,N,,0.31,EF002,CEDA_SIM,2025.1,kgCO2e/USD,EVID055,spend-based,15.89897,N,,APPROVED,N,
TXN0056,SUP009,Iota Industrial Services,IE,1/6/2025,FY2025,PO10056,620100,Consulting services,Cat. 1,-76216.67,EUR,1.08,-82314,,,N,,0.06,EF009,CEDA_SIM,2025.1,kgCO2e/USD,EVID056,spend-based,-4.93884,N,,APPROVED,N,
TXN0057,SUP011,Lambda Packaging,MX,7/4/2025,FY2025,PO10057,610300,Packaging,Cat. 1,5320263.16,MXN,0.057,303255,,,N,,0.12,EF011,CEDA_SIM,2025.1,kgCO2e/USD,EVID057,spend-based,36.3906,N,,APPROVED,N,
TXN0058,SUP003,Gamma Equipment Systems,JP,3/18/2025,FY2025,PO10058,710100,Manufacturing equipment,Cat. 2,42890147.06,JPY,0.0068,291653,,,N,,0.18,EF003,CEDA_SIM,2025.1,kgCO2e/USD,EVID058,spend-based,52.49754,N,,APPROVED,N,
TXN0059,SUP010,Kappa Test Equipment,MY,6/7/2025,FY2025,PO10059,710100,Manufacturing equipment,Cat. 2,548013.04,MYR,0.23,126043,,,N,,0.17,EF010,CEDA_SIM,2025.1,kgCO2e/USD,EVID059,spend-based,21.42731,N,,APPROVED,N,
TXN0060,SUP009,Iota Industrial Services,IE,10/22/2025,FY2025,PO10060,620100,Consulting services,Cat. 1,111537.96,EUR,1.08,120461,,,N,,0.06,EF009,CEDA_SIM,2025.1,kgCO2e/USD,EVID060,spend-based,7.22766,N,,APPROVED,N,
TXN0061,SUP012,Mu Logistics Tech,CA,4/11/2025,FY2025,PO10061,710300,IT capital equipment,Cat. 2,224186,USD,1,224186,,,N,,0.15,EF012,CEDA_SIM,2025.1,kgCO2e/USD,EVID061,spend-based,33.6279,N,,APPROVED,N,
TXN0062,SUP011,Lambda Packaging,MX,10/1/2025,FY2025,PO10062,610300,Packaging,Cat. 1,3697877.19,MXN,0.057,210779,,,N,,0.12,EF011,CEDA_SIM,2025.1,kgCO2e/USD,EVID062,spend-based,25.29348,N,,APPROVED,N,
TXN0063,SUP008,Theta Wafer Inputs,SG,7/25/2025,FY2025,PO10063,610100,Semiconductor materials,Cat. 1,335610.67,SGD,0.75,251708,,,Y,0.228875,0.28,EF008,SUPPLIER_PCF_SIM,2025A,kgCO2e/USD,EVID063,supplier-specific,57.609562,N,,APPROVED,N,
TXN0064,SUP006,Zeta IT Hardware,TW,11/13/2024,FY2025,PO10064,710300,IT capital equipment,Cat. 2,10433645.16,TWD,0.031,323443,,,N,,0.16,EF006,CEDA_SIM,2025.1,kgCO2e/USD,EVID064,spend-based,51.75088,N,,APPROVED,N,
TXN0065,SUP009,Iota Industrial Services,IE,2/28/2025,FY2025,PO10065,620100,Consulting services,Cat. 1,299548.15,EUR,1.08,323512,,,N,,0.06,EF009,CEDA_SIM,2025.1,kgCO2e/USD,EVID065,spend-based,19.41072,N,,APPROVED,N,
TXN0066,SUP004,Delta Facilities Engineering,US,11/6/2024,FY2025,PO10066,710200,Facility equipment,Cat. 2,52220,USD,1,52220,,,N,,0.21,EF004,CEDA_SIM,2025.1,kgCO2e/USD,EVID066,spend-based,10.9662,N,,,N,
TXN0067,SUP012,Mu Logistics Tech,US,9/22/2025,FY2025,PO10067,710300,IT capital equipment,Cat. 2,45866,USD,1,45866,,,N,,0.15,EF012,CEDA_SIM,2025.1,kgCO2e/USD,EVID067,spend-based,6.8799,N,,APPROVED,N,
TXN0068,SUP004,Delta Facilities Engineering,US,12/7/2024,FY2025,PO10068,710200,Facility equipment,Cat. 2,31469,USD,1,31469,,,N,,0.21,EF004,CEDA_SIM,2025.1,kgCO2e/USD,EVID068,spend-based,6.60849,N,,APPROVED,N,
TXN0069,SUP006,Zeta IT Hardware,TW,12/9/2024,FY2025,PO10069,710300,IT capital equipment,Cat. 2,9179516.13,TWD,0.031,284565,,,N,0.18,0.16,EF006,CEDA_SIM,2025.1,kgCO2e/USD,EVID069,supplier-specific,45.5304,N,,APPROVED,N,
TXN0070,SUP004,Delta Facilities Engineering,US,3/25/2025,FY2025,PO10070,710200,Facility equipment,Cat. 2,269496,USD,1,269496,,,N,,0.21,EF004,CEDA_SIM,2025.1,kgCO2e/USD,EVID070,spend-based,56.59416,N,,APPROVED,N,
TXN0071,SUP004,Delta Facilities Engineering,US,8/6/2025,FY2025,PO10071,710200,Facility equipment,Cat. 2,84369,USD,1,84369,,,N,,0.21,EF004,CEDA_SIM,2025.1,kgCO2e/USD,EVID071,spend-based,17.71749,N,,APPROVED,N,
TXN0072,SUP012,Mu Logistics Tech,US,8/22/2025,FY2025,PO10072,710300,IT capital equipment,Cat. 2,317100,USD,1,317100,,,N,,0.15,EF012,CEDA_SIM,2025.1,kgCO2e/USD,EVID072,spend-based,47.565,N,,APPROVED,N,
TXN0005,SUP010,Kappa Test Equipment,MY,6/7/2025,FY2025,PO10005,710100,Manufacturing equipment,Cat. 2,144548.48,MYR,0.23,33246.15,,,N,,0.17,EF010,CEDA_SIM,2025.1,kgCO2e/USD,EVID005,spend-based,5.651846,N,,APPROVED,N,
